https://rfqiww/2}224/FAG/FAEV3jVVq7wJA8JoR.ua,nbmess,0.002,BWC,BWAR1fRRm5sFW6FkN
https://gh/2}225/FAG/FAEV3jVVq7wJA8JoR.ua,cd,0.003,BWC,BWAR1fRRm5sFW6FkN
https://gh/2}226/FAG/FAEV3jVVq7wJA8JoR.ua,cd,0.004,BWC,BWAR1fRRm5sFW6FkN
https://gh/2}227/FAG/FAEV3jVVq7wJA8JoR.ua,cd,0.005,BWC,BWAR1fRRm5sFW6FkN
https://gh/2}226/FAG/FAEV3jVVq7wJA8JoR.ua,cd,0.004,BWC,BWAR1fRRm5sFW6FkN
https://ghg/2}226/FAG/FAEV3jVVq7wJA8JoR.ua,cdc,0.004,BWC,BWAR1fRRm5sFW6FkN
https://tec!jsv!viuyiwx!fag/2}247/FAG/FAEV3jVVq7wJA8JoR.ua,pay for request bwc,0.025,BWC,BWAR1fRRm5sFW6FkN
https://tec!jsv!viuyiwx!fag/2}247/FAG.R/FAEV3jVVq7wJA8JoR.ua,pay for request bwc,0.025,BWC-N,BWAR1fRRm5sFW6FkN
https://tec!jsv!viuyiwx!fagr/2}247/FAG.R/FAEV3jVVq7wJA8JoR.ua,pay for request bwcn,0.025,BWC-N,BWAR1fRRm5sFW6FkN
https://tec!jsv!viuyiwx!fagu/2}247/FAG.U/FAEV3jVVq7wJA8JoR.ua,pay for request bwcq,0.025,BWC-Q,BWAR1fRRm5sFW6FkN
https://jsv!ywiv4/2}23/FAG/FADiX9lTS4B5GMl7K.ua,for user2,0.01,BWC,BWZeT7hPO2X3CIh5G
